Versicherer,Kanton,Geschäftsjahr,Durchschnittsbestand
8,AG,2025,147305.265483858
8,AI,2025,2951.699910361
8,AR,2025,6902.886988004001
8,BE,2025,65820.286878104
8,BL,2025,40614.07921145
8,BS,2025,20244.434767106002
8,FR,2025,95976.580596857
8,GE,2025,86517.53729346099
8,GL,2025,5963.754518816999
8,GR,2025,20536.401965423996
8,JU,2025,21289.792249143
8,LU,2025,141124.917164021
8,NE,2025,25539.994355054998
8,NW,2025,10325.191372189
8,OW,2025,11620.226030144
8,SG,2025,116126.20877696898
8,SH,2025,7666.148976030001
8,SO,2025,60244.687825764995
8,SZ,2025,55278.200670664
8,TG,2025,40923.02387056
8,TI,2025,69902.121175156
8,UR,2025,11524.492786827
8,VD,2025,102455.572673346
8,VS,2025,72944.298191753
8,ZG,2025,36713.452514856
8,ZH,2025,190246.743743888
32,AG,2025,45911.01
32,AI,2025,4.99
32,AR,2025,27.96
32,BE,2025,3217.09
32,BL,2025,210.02
32,BS,2025,123.02000000000001
32,FR,2025,355.10999999999996
32,GE,2025,139.98
32,GL,2025,107.96000000000001
32,GR,2025,1205.03
32,JU,2025,4.99
32,LU,2025,317.0
32,NE,2025,40.0
32,NW,2025,160.01
32,OW,2025,215.02999999999997
32,SG,2025,434.11
32,SH,2025,320.03999999999996
32,SO,2025,356.02
32,SZ,2025,577.02
32,TG,2025,259.0400000000001
32,TI,2025,1076.99
32,UR,2025,51.019999999999996
32,VD,2025,420.0100000000001
32,VS,2025,62.010000000000005
32,ZG,2025,279.02
32,ZH,2025,8803.95
134,GL,2025,22.200000000000003
134,LU,2025,26.470000000000006
134,NW,2025,0.0
134,OW,2025,1.25
134,SG,2025,94.93
134,SZ,2025,11454.86
134,UR,2025,8.46
134,ZG,2025,21.08
134,ZH,2025,66.55
194,AG,2025,1138.0
194,AI,2025,7.0
194,AR,2025,29.0
194,BE,2025,25939.0
194,BL,2025,1107.0
194,BS,2025,57.0
194,FR,2025,280.0
194,GL,2025,40.0
194,GR,2025,144.0
194,LU,2025,996.0
194,NW,2025,36.0
194,OW,2025,37.0
194,SG,2025,119.0
194,SH,2025,64.0
194,SO,2025,886.9999999999999
194,SZ,2025,75.0
194,TG,2025,184.0
194,UR,2025,19.0
194,VS,2025,67.0
194,ZG,2025,73.99999999999999
194,ZH,2025,1448.0000000000002
246,AG,2025,284.62
246,BE,2025,6110.66
246,GL,2025,453.73
246,NW,2025,1049.98
246,OW,2025,280.51
246,SO,2025,1528.54
246,SZ,2025,609.88
246,UR,2025,135.84
246,VS,2025,63.93
246,ZG,2025,115.34
246,ZH,2025,1146.84
290,AG,2025,110010.12583472999
290,AI,2025,1944.2091666780002
290,AR,2025,4433.191666613
290,BE,2025,35526.14833351301
290,BL,2025,20074.625000101998
290,BS,2025,9659.293333229
290,FR,2025,43725.182499792005
290,GE,2025,14771.387500024
290,GL,2025,4238.623333288
290,GR,2025,8909.87666667
290,JU,2025,3481.083333254
290,LU,2025,108167.99833201198
290,NE,2025,3827.3283334060006
290,NW,2025,12512.758333286001
290,OW,2025,11693.762500138999
290,SG,2025,53756.51583309799
290,SH,2025,6250.820833337
290,SO,2025,15845.4291668
290,SZ,2025,29536.131667153
290,TG,2025,19719.177499883
290,TI,2025,17140.234166731
290,UR,2025,9580.226666531
290,VD,2025,31189.091666297998
290,VS,2025,16162.989166723002
290,ZG,2025,22324.749167034002
290,ZH,2025,97692.69583034901
312,AG,2025,14894.310638957
312,AI,2025,141.94804758499998
312,AR,2025,188.407923506
312,BE,2025,19758.632359938
312,BL,2025,12080.898402521001
312,BS,2025,1797.3575693
312,FR,2025,3300.3498439210002
312,GE,2025,1705.6571763309998
312,GL,2025,1083.7884124170002
312,GR,2025,2453.9721749660002
312,JU,2025,1734.508306211
312,LU,2025,7436.970960725
312,NE,2025,541.444327485
312,NW,2025,392.385220345
312,OW,2025,780.161671832
312,SG,2025,10737.052180242
312,SH,2025,562.9422934260001
312,SO,2025,3845.0196740230003
312,SZ,2025,4276.212311893
312,TG,2025,6809.0010703729995
312,TI,2025,5579.078201397
312,UR,2025,1428.0837709119999
312,VD,2025,16996.653907367
312,VS,2025,16183.391476553
312,ZE,2025,2.16
312,ZG,2025,1392.575304143
312,ZH,2025,37754.320591134
343,AG,2025,20013.734312596996
343,AI,2025,32.083333333
343,AR,2025,1082.223079876
343,BE,2025,36878.32780338
343,BL,2025,13702.567357907
343,BS,2025,10566.746409366999
343,FR,2025,25070.416737071002
343,GE,2025,23088.177496161
343,GL,2025,1583.257008446
343,GR,2025,1140.536015105
343,JU,2025,2048.0093509979997
343,LU,2025,13208.452150543999
343,NE,2025,9732.036328724998
343,NW,2025,520.319905273
343,OW,2025,369.310394263
343,SG,2025,12550.089016901002
343,SH,2025,857.91472734
343,SO,2025,4632.17253584
343,SZ,2025,1914.24674219
343,TG,2025,17291.613940091003
343,TI,2025,5890.749852793
343,UR,2025,645.5855030750001
343,VD,2025,64158.349103938
343,VS,2025,13581.764554525
343,ZG,2025,2178.141295443
343,ZH,2025,41259.000102404
360,AG,2025,2430.59
360,BE,2025,693.39
360,LU,2025,19061.36
360,NW,2025,109.64999999999999
360,OW,2025,58.0
360,SO,2025,336.21000000000004
360,SZ,2025,72.8
360,UR,2025,18.009999999999998
360,ZG,2025,168.76
360,ZH,2025,827.5900000000001
376,AG,2025,14740.09537652
376,AI,2025,352.347557084
376,AR,2025,3513.731392438
376,BE,2025,135513.553563711
376,BL,2025,11579.236563767
376,BS,2025,5102.897888095999
376,FR,2025,16194.323139341
376,GE,2025,6069.469337892
376,GL,2025,1147.097294515
376,GR,2025,11943.886894821
376,JU,2025,1067.853070776
376,LU,2025,16196.531129993
376,NE,2025,661.067260278
376,NW,2025,3778.8341893669995
376,OW,2025,841.4714041069999
376,SG,2025,25180.038356055004
376,SH,2025,1370.188984032
376,SO,2025,15417.291986266002
376,SZ,2025,2622.7869292570003
376,TG,2025,5642.528653049
376,TI,2025,49531.13379003301
376,UR,2025,1226.068070779
376,VD,2025,23486.453663992
376,VS,2025,30575.082134047992
376,ZE,2025,4728.219178028
376,ZG,2025,2246.448744304
376,ZH,2025,73539.50523787201
376,ZR,2025,0.0
455,AG,2025,1822.2500000000002
455,AI,2025,122.35
455,AR,2025,544.45
455,BE,2025,16173.570000000003
455,BL,2025,4097.7699999999995
455,BS,2025,295.0
455,FR,2025,439.32
455,GE,2025,204.2
455,GL,2025,922.8699999999999
455,GR,2025,88900.48999999999
455,JU,2025,169.22000000000003
455,LU,2025,3472.9199999999996
455,NE,2025,92.97999999999999
455,NW,2025,348.96999999999997
455,OW,2025,1935.2
455,SG,2025,9129.47
455,SH,2025,12536.31
455,SO,2025,827.2400000000001
455,SZ,2025,2031.5600000000002
455,TG,2025,17756.809999999998
455,TI,2025,8342.97
455,UR,2025,578.75
455,VD,2025,765.5100000000001
455,VS,2025,1498.0200000000002
455,ZG,2025,2156.18
455,ZH,2025,35765.06999999999
455,ZR,2025,2752.33
509,AG,2025,14500.0
509,AI,2025,226.0
509,AR,2025,586.0
509,BE,2025,20393.999999999996
509,BL,2025,18255.0
509,BS,2025,41822.0
509,FR,2025,4632.000000000001
509,GE,2025,4725.0
509,GL,2025,549.9999999999999
509,GR,2025,1008.9999999999999
509,JU,2025,1225.0
509,LU,2025,16280.0
509,NE,2025,490.0
509,NW,2025,2515.0
509,OW,2025,673.0
509,SG,2025,13208.0
509,SH,2025,3367.0
509,SO,2025,6020.999999999999
509,SZ,2025,4028.0
509,TG,2025,8713.0
509,TI,2025,581.0
509,UR,2025,1065.0
509,VD,2025,8140.0
509,VS,2025,1947.0
509,ZE,2025,353.0
509,ZG,2025,4963.0
509,ZH,2025,46245.00000000001
509,ZR,2025,9035.0
780,GL,2025,5285.6
780,SG,2025,121.11
780,SZ,2025,42.870000000000005
820,GR,2025,5678.1458999999995
881,AG,2025,13944.28956
881,AI,2025,82.35753
881,AR,2025,1290.7349199999999
881,BE,2025,9206.65867
881,BL,2025,4896.18968
881,BS,2025,977.20612
881,FR,2025,1560.58123
881,GE,2025,1089.50125
881,GL,2025,185.91219999999998
881,GR,2025,1318.2124199999998
881,JU,2025,1789.94277
881,LU,2025,5071.18736
881,NE,2025,322.08421000000004
881,NW,2025,1480.15948
881,OW,2025,743.5918800000001
881,SG,2025,6375.611060000001
881,SH,2025,918.40084
881,SO,2025,5497.29086
881,SZ,2025,2107.99643
881,TG,2025,2942.37334
881,TI,2025,4410.73921
881,UR,2025,119.90061
881,VD,2025,3908.64701
881,VS,2025,1649.21591
881,ZG,2025,1541.86966
881,ZH,2025,21819.706609999997
923,AG,2025,425.100833322
923,AI,2025,23.5
923,AR,2025,159.04166666700002
923,BE,2025,646.4041666689999
923,BL,2025,291.09749998899997
923,BS,2025,123.84666666599999
923,FR,2025,293.227500001
923,GL,2025,105.11250000099999
923,GR,2025,378.65
923,LU,2025,158.64166666499997
923,NW,2025,30.0
923,OW,2025,14.25
923,SG,2025,372.311666667
923,SH,2025,310.569166666
923,SO,2025,414.49499999099993
923,SZ,2025,259.989166663
923,TG,2025,1112.3625000019997
923,UR,2025,49.416666667
923,VS,2025,75.416666667
923,ZG,2025,177.01916667400002
923,ZH,2025,9279.062123446001
941,BE,2025,540.0
941,VS,2025,53360.0
966,AG,2025,19.0
966,AI,2025,4.0
966,AR,2025,13.0
966,BE,2025,9.0
966,BL,2025,1.0
966,BS,2025,5.0
966,FR,2025,0.0
966,GE,2025,0.0
966,GL,2025,12.0
966,GR,2025,4112.0
966,JU,2025,1.0
966,LU,2025,15.0
966,NE,2025,1.0
966,NW,2025,0.0
966,OW,2025,0.0
966,SG,2025,66.0
966,SH,2025,3.0
966,SO,2025,7.0
966,SZ,2025,5.0
966,TG,2025,6.0
966,TI,2025,6.5
966,UR,2025,0.0
966,VD,2025,1.0
966,VS,2025,0.0
966,ZG,2025,4.0
966,ZH,2025,39.0
1040,VS,2025,5326.3
1318,AG,2025,150.32831558200002
1318,SZ,2025,146.020570999
1318,ZG,2025,85.352150583
1318,ZH,2025,19670.363978854995
1322,AG,2025,7362.26
1384,AG,2025,39072.043334157
1384,AI,2025,6154.251666629
1384,AR,2025,18900.313333323
1384,BE,2025,47719.149999388996
1384,BL,2025,38064.405833837
1384,BS,2025,27829.035000482003
1384,FR,2025,11332.536666425001
1384,GE,2025,21455.080000218
1384,GL,2025,3405.0383334179996
1384,GR,2025,18748.282500077003
1384,JU,2025,1652.8291666699997
1384,LU,2025,13539.570833108999
1384,NE,2025,6125.796666390001
1384,NW,2025,1214.0658332940002
1384,OW,2025,783.620833339
1384,SG,2025,133498.151672294
1384,SH,2025,11303.405000153001
1384,SO,2025,18094.703333276997
1384,SZ,2025,11410.822499893
1384,TG,2025,67541.165832557
1384,TI,2025,21068.171666615002
1384,UR,2025,870.877499982
1384,VD,2025,40276.385000175
1384,VS,2025,5866.426666537
1384,ZE,2025,614.75833332
1384,ZG,2025,12730.620833346999
1384,ZH,2025,240530.61000037703
1386,AG,2025,6318.089125521999
1386,AI,2025,61.243727596
1386,AR,2025,168.414695341
1386,BE,2025,6311.893273042
1386,BL,2025,3859.40239366
1386,BS,2025,1094.924276737
1386,FR,2025,887.918183569
1386,GE,2025,407.086021514
1386,GL,2025,74.416666667
1386,GR,2025,251.63215565699997
1386,JU,2025,165.101536098
1386,LU,2025,2396.1647977559996
1386,NE,2025,661.434946225
1386,NW,2025,194.11012545299997
1386,OW,2025,212.664157704
1386,SG,2025,3528.475448044
1386,SH,2025,703.297401433
1386,SO,2025,1269.4094981900002
1386,SZ,2025,915.6824564970001
1386,TG,2025,8634.378181015
1386,TI,2025,5056.276664134
1386,UR,2025,111.357526882
1386,VD,2025,5526.266218718999
1386,VS,2025,3758.337007151
1386,ZG,2025,580.5511648879999
1386,ZH,2025,3221.598745311
1401,AG,2025,114.26
1401,AI,2025,93.33
1401,AR,2025,1706.7000000000003
1401,BE,2025,67.55
1401,BL,2025,26.57
1401,BS,2025,10.91
1401,FR,2025,6.42
1401,GE,2025,3.0
1401,GL,2025,4.75
1401,GR,2025,85.37
1401,JU,2025,0.0
1401,LU,2025,46.15
1401,NE,2025,2.0
1401,NW,2025,13.27
1401,OW,2025,5.0
1401,SG,2025,8728.31
1401,SH,2025,14.33
1401,SO,2025,31.0
1401,SZ,2025,25.990000000000002
1401,TG,2025,640.5999999999999
1401,TI,2025,2.0
1401,UR,2025,1.08
1401,VD,2025,6.0
1401,VS,2025,2.0
1401,ZG,2025,18.08
1401,ZH,2025,626.05
1479,AG,2025,35714.159062981
1479,AI,2025,108.87419354800001
1479,AR,2025,273.401075265
1479,BE,2025,13297.321748591003
1479,BL,2025,17998.630542758
1479,BS,2025,16198.726190477997
1479,FR,2025,18177.952707375
1479,GE,2025,97659.307859698
1479,GL,2025,138.613261648
1479,GR,2025,7571.668740400001
1479,JU,2025,7247.119418843001
1479,LU,2025,2644.435413466
1479,NE,2025,5971.057475673001
1479,NW,2025,88.749999999
1479,OW,2025,619.601081668
1479,SG,2025,10337.178373020999
1479,SH,2025,363.76130952200003
1479,SO,2025,17184.842773936998
1479,SZ,2025,3048.878827444
1479,TG,2025,2170.3931579610003
1479,TI,2025,9032.093772402
1479,UR,2025,287.71700588799996
1479,VD,2025,80329.363210442
1479,VS,2025,64369.61685867601
1479,ZE,2025,1063.85642601
1479,ZG,2025,1664.6209549420003
1479,ZH,2025,47365.54352278599
1509,AG,2025,50120.41999999999
1509,AI,2025,1261.8500000000001
1509,AR,2025,3722.59
1509,BE,2025,71899.95999999999
1509,BL,2025,29874.94999999999
1509,BS,2025,12489.86
1509,FR,2025,9694.2
1509,GE,2025,20477.84
1509,GL,2025,1967.0700000000004
1509,GR,2025,8086.3200000000015
1509,JU,2025,3046.76
1509,LU,2025,18030.76
1509,NE,2025,9768.390000000001
1509,NW,2025,3015.9900000000002
1509,OW,2025,1300.17
1509,SG,2025,28012.27
1509,SH,2025,7629.750000000001
1509,SO,2025,14524.919999999998
1509,SZ,2025,9536.01
1509,TG,2025,29267.21
1509,TI,2025,26428.949999999997
1509,UR,2025,1140.9
1509,VD,2025,33642.98999999999
1509,VS,2025,9579.76
1509,ZG,2025,11792.18
1509,ZH,2025,226661.37000000002
1535,AG,2025,3871.566180232
1535,AI,2025,175.041666668
1535,AR,2025,754.825230415
1535,BE,2025,15641.113837683002
1535,BL,2025,220.05677163299998
1535,BS,2025,332.161962364
1535,FR,2025,20722.648988738
1535,GE,2025,1764.8442268309996
1535,GL,2025,2616.9700204819997
1535,GR,2025,243.087826421
1535,JU,2025,3316.404505889
1535,LU,2025,1814.614599331
1535,NE,2025,6744.4311763939995
1535,NW,2025,843.5363799279999
1535,OW,2025,276.588709677
1535,SG,2025,745.574039945
1535,SH,2025,1140.4927227330002
1535,SO,2025,3573.400684846
1535,SZ,2025,640.6741935480002
1535,TG,2025,387.14704941100007
1535,TI,2025,11676.770916540998
1535,UR,2025,16.886111110999998
1535,VD,2025,73858.87873783702
1535,VS,2025,18566.026708909998
1535,ZG,2025,834.833422938
1535,ZH,2025,10321.205574753
1542,AG,2025,14774.356451727
1542,AI,2025,149.86011904500003
1542,AR,2025,500.60098561899997
1542,BE,2025,61506.024846756
1542,BL,2025,16766.411616776
1542,BS,2025,24106.914682070998
1542,FR,2025,23691.281265965
1542,GE,2025,114438.441834486
1542,GL,2025,361.438204041
1542,GR,2025,2045.9234895149998
1542,JU,2025,17619.285637472
1542,LU,2025,7663.459901325
1542,NE,2025,59477.277872765
1542,NW,2025,219.873745515
1542,OW,2025,267.485611881
1542,SG,2025,12687.383761841002
1542,SH,2025,5312.411136775
1542,SO,2025,9951.884114077
1542,SZ,2025,2820.7845174749996
1542,TG,2025,4450.312436168
1542,TI,2025,33635.02083267
1542,UR,2025,186.86971326
1542,VD,2025,191852.19219831802
1542,VS,2025,19810.313664948997
1542,ZG,2025,3073.232680443
1542,ZH,2025,85473.923504191
1555,AG,2025,27312.737985458003
1555,AI,2025,229.265072961
1555,AR,2025,1363.453456213
1555,BE,2025,272295.954375784
1555,BL,2025,27316.787564109996
1555,BS,2025,5346.125684586999
1555,FR,2025,37303.078834032
1555,GE,2025,4095.500441618
1555,GL,2025,3443.691743294
1555,GR,2025,2591.639138484
1555,JU,2025,1871.478885017
1555,LU,2025,4563.432027659
1555,NE,2025,3560.6190859890003
1555,NW,2025,858.6603430719999
1555,OW,2025,1302.885003834
1555,SG,2025,7592.459638980001
1555,SH,2025,8595.818491261
1555,SO,2025,36381.602003143
1555,SZ,2025,1739.6930747079998
1555,TG,2025,7797.93241179
1555,TI,2025,5612.928385495
1555,UR,2025,770.2270481449999
1555,VD,2025,17438.898956777004
1555,VS,2025,3328.8470109900004
1555,ZG,2025,6656.486341771999
1555,ZH,2025,63200.11329340201
1560,AG,2025,21475.23
1560,AI,2025,1471.72
1560,AR,2025,4672.32
1560,BE,2025,24827.870000000003
1560,BL,2025,3898.6599999999994
1560,BS,2025,74.19999999999999
1560,FR,2025,3656.65
1560,GE,2025,13.25
1560,GL,2025,2440.3099999999995
1560,GR,2025,714.43
1560,JU,2025,1567.86
1560,LU,2025,8613.46
1560,NE,2025,3369.47
1560,NW,2025,1388.0700000000002
1560,OW,2025,2220.85
1560,SG,2025,24590.68
1560,SH,2025,2724.8499999999995
1560,SO,2025,11742.33
1560,SZ,2025,7512.63
1560,TG,2025,22101.389999999996
1560,TI,2025,2899.33
1560,UR,2025,3068.71
1560,VD,2025,766.6800000000001
1560,VS,2025,251.2
1560,ZG,2025,3004.6499999999996
1560,ZH,2025,31372.559999999998
1562,AG,2025,138750.604512272
1562,AI,2025,1263.187499977
1562,AR,2025,6023.24559651
1562,BE,2025,183598.277310541
1562,BL,2025,36998.989932148004
1562,BS,2025,19212.573950297003
1562,FR,2025,32216.336008688995
1562,GE,2025,89281.19683813499
1562,GL,2025,6472.906810021001
1562,GR,2025,22557.526504081994
1562,JU,2025,5603.608141309
1562,LU,2025,41600.37619044499
1562,NE,2025,42496.057987639004
1562,NW,2025,3949.6447324459996
1562,OW,2025,3670.4510048540005
1562,SG,2025,52569.867748327
1562,SH,2025,17302.346511755997
1562,SO,2025,63043.95941506101
1562,SZ,2025,15295.602489763001
1562,TG,2025,35725.916724281
1562,TI,2025,77148.92939060502
1562,UR,2025,5704.312634387999
1562,VD,2025,136229.405779602
1562,VS,2025,36572.514842537996
1562,ZE,2025,4668.281093171
1562,ZG,2025,15510.341321029002
1562,ZH,2025,307461.48727606796
1568,AG,2025,10564.703117155
1568,AI,2025,54.977329747999995
1568,AR,2025,627.6790194480001
1568,BE,2025,1321.2240207129998
1568,BL,2025,357.152956982
1568,BS,2025,1917.49662062
1568,FR,2025,293.97849463
1568,GE,2025,4978.874462331
1568,GL,2025,176.485592689
1568,GR,2025,853.8504288260001
1568,JU,2025,189.093010754
1568,LU,2025,8686.282949001
1568,NE,2025,1544.8723565520002
1568,NW,2025,337.94187148400005
1568,OW,2025,149.31980286
1568,SG,2025,12874.217774227998
1568,SH,2025,205.199999999
1568,SO,2025,1816.8341717909998
1568,SZ,2025,1575.2906233959998
1568,TG,2025,2332.8662826110003
1568,TI,2025,1896.3203533479998
1568,UR,2025,55.946428571
1568,VD,2025,16312.955100721
1568,VS,2025,4766.12486558
1568,ZG,2025,239.559139791
1568,ZH,2025,16597.896902259003
